reward,loss,eps
234003.51052963734,1.4993134687057437,0.801697976119403
308313.8579069376,0.09169139338005812,0.6033953611940299
379997.40304863453,0.02186879530457543,0.40509274626865666
451468.2909203768,0.01096413161540895,0.2067901313432836
523773.9643280506,0.011934983757973338,0.010000000000000009
557976.4924737215,0.001853149820585029,0.010000000000000009
