reward,loss,eps
198470.40363156796,1.6724796298810765,0.801697976119403
263996.1114195585,0.06702858578811584,0.6033953611940299
327120.38731455803,0.008127728462174034,0.40509274626865666
389134.8648980856,0.0006365861101151692,0.2067901313432836
451424.61674261093,0.0003938216413005805,0.010000000000000009
481076.30842244625,0.0003967971906290902,0.010000000000000009
