reward,loss,eps
182038.34986448288,0.1867466263766685,0.801697976119403
186145.56952369213,5.167146814731071,0.6033953611940299
177431.2562942505,17.34782660361737,0.40509274626865666
177054.62522375584,16.39894683342411,0.2067901313432836
174034.72010099888,7.158900853431229,0.010000000000000009
173159.0188857317,1.5875441679836082,0.010000000000000009
